id,generating_component,true_cal_bp,curve_mean_c14_bp,curve_sd,latent_c14_bp
Trimodal 01,2,3632.198601457557,3384.198601457557,12.0,3394.2581165259576
Trimodal 02,3,5319.494433479775,4626.067714182693,15.0,4609.538161635096
Trimodal 03,1,1858.6088042536883,1921.7823914926234,14.0,1917.8602224249817
Trimodal 04,2,3548.130455573757,3308.260911147514,11.0,3300.827135505934
Trimodal 05,1,1834.4077613939153,1933.8155227878306,14.40776139391528,1952.562409295817
Trimodal 06,2,3574.614387875665,3365.8431636269956,11.0,3368.9560364389845
Trimodal 07,1,1770.3810977793594,1876.0,14.0,1880.8576909130622
Trimodal 08,2,3531.3021550843946,3312.0,11.0,3331.6222814684534
Trimodal 09,3,5274.5869883101495,4494.339181296239,15.0,4489.883285074868
Trimodal 10,3,5141.515686903109,4517.031373806218,15.696862619378226,4517.429873873135
Trimodal 11,2,3423.890537503777,3209.109462496223,17.109462496222932,3229.9191592838956
Trimodal 12,2,3626.3953790279043,3382.0,12.0,3363.375468719278
Trimodal 13,1,1707.4965208650663,1795.4895625951988,13.0,1786.1537953511786
Trimodal 14,2,3472.747896278302,3279.756311165094,11.0,3283.2186460774637
Trimodal 15,1,1792.6951166124547,1882.6951166124547,14.0,1853.2640922356004
Trimodal 16,2,3438.5731193286983,3188.5731193286983,15.0,3204.3910816753923
Trimodal 17,2,3455.4156721002264,3250.6626884009056,12.0,3234.0650834278777
Trimodal 18,3,5195.946360324911,4468.8643676101065,14.810727935017713,4491.1857609199715
Trimodal 19,3,5216.905192110457,4477.524153688366,14.381038422091478,4466.408780479698
Trimodal 20,3,5147.668065748623,4526.668065748623,14.466386850275375,4490.801102665976
Trimodal 21,3,5288.380850454749,4526.790211182347,14.0,4516.733901857751
Trimodal 22,2,3576.926381857733,3371.8527637154657,11.0,3370.107892404349
Trimodal 23,2,3539.4074229058424,3308.5925770941576,11.0,3327.15497484438
Trimodal 24,2,3460.1512863165913,3264.0,11.0,3259.7032174817036
Trimodal 25,1,1958.9629740940536,2031.1110777178392,14.0,2018.7250582486108
Trimodal 26,3,5145.774698337413,4524.774698337413,14.845060332517459,4544.81261615216
Trimodal 27,3,5137.920699553942,4509.425539018672,15.584139910788327,4527.906000604988
Trimodal 28,2,3540.796503994527,3307.203496005473,11.0,3301.3026588881494
Trimodal 29,3,5294.173428973706,4538.512172152671,14.0,4535.304917160708
Trimodal 30,3,5153.061306352592,4527.163216188445,14.0,4544.50337395583
Trimodal 31,2,3574.824670888693,3366.4740126660795,11.0,3361.434866542494
Trimodal 32,3,5027.041733264938,4416.858426570912,15.408346652987529,4430.0720953289065
Trimodal 33,2,3425.700426637377,3204.898720087869,16.29957336262305,3198.39471916008
Trimodal 34,1,1815.8886764313372,1878.0,13.0,1875.8826277680478
Trimodal 35,3,5075.930278147803,4506.0,16.0,4491.61732170645
Trimodal 36,3,5100.406599598501,4506.105480883298,15.918680080299783,4520.917592469115
Trimodal 37,3,5136.722677068354,4506.789889550379,15.344535413670746,4522.3048192442975
Trimodal 38,1,1814.200677465023,1878.0,13.0,1874.722421083693
Trimodal 39,1,1807.6416920315437,1883.3583079684563,14.0,1896.249585835465
Trimodal 40,1,1736.7597742884655,1849.2793228653964,14.0,1864.7580181214
Trimodal 41,3,5137.7009076233435,4508.941996771356,15.540181524668697,4525.5641206487835
Trimodal 42,1,1818.0305652439258,1880.0611304878516,13.0,1850.889721420735
Trimodal 43,3,5236.003769699504,4480.803015759603,14.0,4477.944495808289
Trimodal 44,2,3387.304514881116,3172.6090297622322,17.0,3180.1681618556545
Trimodal 45,1,1709.585519193922,1802.342076775688,13.0,1791.850774206754
Trimodal 46,2,3351.64210268167,3103.64210268167,17.0,3096.746787662581
Trimodal 47,2,3479.639892892099,3274.1994644604947,11.0,3257.1543119807743
Trimodal 48,3,5258.744629020075,4477.246777412045,15.0,4479.404646071962
Trimodal 49,2,3481.5353937187456,3284.676968593728,11.0,3299.0462528789676
Trimodal 50,1,1876.4981461416999,1952.0,14.0,1960.343614470659
Trimodal 51,3,5079.166842994664,4506.0,16.0,4526.058676265711
Trimodal 52,2,3711.0907820920793,3462.0,17.09078209207928,3468.632602949354
Trimodal 53,2,3477.3386356622004,3266.3386356622004,11.0,3258.9112512758384
Trimodal 54,1,1820.4443264646413,1884.8886529292827,13.0,1880.7862164640896
Trimodal 55,2,3424.90323310997,3207.1935337800596,17.0,3191.6748348266847
Trimodal 56,2,3465.785146915761,3267.5702938315217,11.0,3269.1268667311665
Trimodal 57,2,3566.009020955257,3339.0270628657704,11.0,3325.8424345957633
Trimodal 58,3,5375.773106613284,4695.144544128119,15.0,4709.826921237703
Trimodal 59,2,3357.8505035408525,3113.701007081705,18.0,3117.753883277475
Trimodal 60,3,5218.636114302755,4478.908891442205,14.727222860551047,4477.870330325941
